Indicator Code,Country Name,Country Code,Indicator Name,2006,2007,2008,2009,2010,2011,2012,2013,2014
SE.PRM.TENR,Europe & Central Asia,ECS,"Adjusted net enrolment rate, primary, both sexes (%)",96.8327484130859,96.8629837036133,97.1301116943359,96.9808883666992,97.27471923828129,97.3291778564453,97.2496490478516,97.3062515258789,97.02208709716801
SE.PRM.TENR.FE,Europe & Central Asia,ECS,"Adjusted net enrolment rate, primary, female (%)",96.6062774658203,96.7333526611328,96.9741668701172,96.90704345703129,97.23278045654301,97.3063125610352,97.2518692016602,97.29100799560551,97.0324935913086
UIS.NERA.1.GPI,Europe & Central Asia,ECS,"Adjusted net enrolment rate, primary, gender parity index (GPI)",0.995440006256104,0.9973899722099301,0.99686998128891,0.998520016670227,0.9991599917411801,0.999539971351624,1.0000400543212902,0.9996899962425229,1.00021004676819
SE.PRM.TENR.MA,Europe & Central Asia,ECS,"Adjusted net enrolment rate, primary, male (%)",97.04849243164058,96.98638916015629,97.2785263061523,97.05113983154301,97.3146133422852,97.3508987426758,97.24755096435551,97.3207168579102,97.01220703125
UIS.NIRA.1,Europe & Central Asia,ECS,"Adjusted net intake rate to Grade 1 of primary education, both sexes (%)",91.9361343383789,92.68372344970699,92.0322723388672,91.44973754882808,92.63977813720699,93.1852264404297,93.4555435180664,93.4200592041016,89.4401016235352
UIS.NIRA.1.F,Europe & Central Asia,ECS,"Adjusted net intake rate to Grade 1 of primary education, female (%)",,92.8182907104492,92.2843017578125,91.81564331054692,93.0215682983398,93.5355682373047,93.79798126220699,93.74645233154301,89.5577011108398
UIS.NIRA.1.GPI,Europe & Central Asia,ECS,"Adjusted net intake rate to Grade 1 of primary education, gender parity index (GPI)",,1.0030000209808299,1.0054899454116801,1.00794005393982,1.0081399679184,1.00740003585815,1.00716996192932,1.00682997703552,1.00255000591278
UIS.NIRA.1.M,Europe & Central Asia,ECS,"Adjusted net intake rate to Grade 1 of primary education, male (%)",,92.5409317016602,91.7806167602539,91.0923538208008,92.2702789306641,92.8485260009766,93.1297836303711,93.1100540161133,89.32968139648442
UIS.LPP.AG15T99,Europe & Central Asia,ECS,"Adult illiterate population, 15+ years, % female",71.4199981689453,71.4199981689453,71.4199981689453,71.4199981689453,71.4199981689453,71.4199981689453,71.4199981689453,71.4199981689453,71.4199981689453
UIS.LP.AG15T99,Europe & Central Asia,ECS,"Adult illiterate population, 15+ years, both sexes (number)",7508956.0,7508956.0,7508956.0,7508956.0,7508956.0,7508956.0,7508956.0,7508956.0,7508956.0
UIS.LP.AG15T99.F,Europe & Central Asia,ECS,"Adult illiterate population, 15+ years, female (number)",5363041.0,5363041.0,5363041.0,5363041.0,5363041.0,5363041.0,5363041.0,5363041.0,5363041.0
UIS.LP.AG15T99.M,Europe & Central Asia,ECS,"Adult illiterate population, 15+ years, male (number)",2145915.0,2145915.0,2145915.0,2145915.0,2145915.0,2145915.0,2145915.0,2145915.0,2145915.0
SE.ADT.LITR.ZS,Europe & Central Asia,ECS,"Adult literacy rate, population 15+ years, both sexes (%)",98.99758911132808,98.99758911132808,98.99758911132808,98.99758911132808,98.99758911132808,98.99758911132808,98.99758911132808,98.99758911132808,98.99758911132808
SE.ADT.LITR.FE.ZS,Europe & Central Asia,ECS,"Adult literacy rate, population 15+ years, female (%)",98.616455078125,98.616455078125,98.616455078125,98.616455078125,98.616455078125,98.616455078125,98.616455078125,98.616455078125,98.616455078125
UIS.LR.AG15T99.GPI,Europe & Central Asia,ECS,"Adult literacy rate, population 15+ years, gender parity index (GPI)",0.9900000095367428,0.9900000095367428,0.9900000095367428,0.9900000095367428,0.9900000095367428,0.9900000095367428,0.9900000095367428,0.9900000095367428,0.9900000095367428
SE.ADT.LITR.MA.ZS,Europe & Central Asia,ECS,"Adult literacy rate, population 15+ years, male (%)",99.39486694335942,99.39486694335942,99.39486694335942,99.39486694335942,99.39486694335942,99.39486694335942,99.39486694335942,99.39486694335942,99.39486694335942
SE.PRM.DROP.ZS,Europe & Central Asia,ECS,"Cumulative drop-out rate to the last grade of primary education, both sexes (%)",3.60103988647461,4.27892017364502,4.37084007263184,3.2861800193786603,3.88511991500854,4.54725980758667,4.63156986236572,4.6631498336792,
SE.PRM.DROP.FE.ZS,Europe & Central Asia,ECS,"Cumulative drop-out rate to the last grade of primary education, female (%)",2.92137002944946,3.5358600616455096,3.60791993141174,2.58735990524292,3.37719011306763,4.11882019042969,4.271490097045899,4.16544008255005,
SE.PRM.DROP.MA.ZS,Europe & Central Asia,ECS,"Cumulative drop-out rate to the last grade of primary education, male (%)",4.23950004577637,4.97639989852905,5.08944988250732,3.9458398818969704,4.365210056304931,4.9504599571228,4.97175979614258,5.133399963378911,
UIS.ESL.1.T,Europe & Central Asia,ECS,"Early school leavers from primary education, both sexes (number)",344172.0,359156.0,422532.0,425390.0,326781.0,388773.0,460530.0,493712.0,486264.0
UIS.ESL.1.F,Europe & Central Asia,ECS,"Early school leavers from primary education, female (number)",135314.0,141128.0,169056.0,170320.0,124937.0,164211.0,202237.0,221199.0,211020.0
UIS.ESL.1.M,Europe & Central Asia,ECS,"Early school leavers from primary education, male (number)",208857.0,218028.0,253476.0,255070.0,201844.0,224562.0,258292.0,272513.0,275244.0
SE.SEC.PROG.ZS,Europe & Central Asia,ECS,"Effective transition rate from primary to lower secondary general education, both sexes (%)",98.3701171875,98.5232162475586,98.4604110717773,98.4378128051758,98.4795913696289,98.4960556030273,98.53146362304692,98.5832748413086,
SE.SEC.PROG.FE.ZS,Europe & Central Asia,ECS,"Effective transition rate from primary to lower secondary general education, female (%)",98.1143341064453,98.3854827880859,98.4101333618164,98.4312744140625,98.5039825439453,98.41088104248051,98.3849639892578,98.480224609375,
UIS.TRANRA.23.GPV.GPI,Europe & Central Asia,ECS,"Effective transition rate from primary to lower secondary general education, gender parity index (GPI)",0.99497002363205,0.9973099827766422,0.9990000128746029,0.999870002269745,1.00048995018005,0.998329997062683,0.997120022773743,0.997979998588562,
SE.SEC.PROG.MA.ZS,Europe & Central Asia,ECS,"Effective transition rate from primary to lower secondary general education, male (%)",98.6099166870117,98.6512222290039,98.5082015991211,98.4439468383789,98.4556045532227,98.5754928588867,98.6691055297852,98.6797027587891,
UIS.E.0.PR.T,Europe & Central Asia,ECS,"Enrolment in early childhood education, private institutions, both sexes (number)",4193354.0,4260764.0,4348079.5,4338457.0,4324271.0,4494988.0,4673983.0,4819636.5,4866229.5
UIS.E.1.G1,Europe & Central Asia,ECS,"Enrolment in Grade 1 of primary education, both sexes (number)",10181859.0,10138694.0,10037516.0,9873830.0,10107719.0,10206205.0,10316137.0,10395840.0,10583146.0
UIS.E.1.G1.F,Europe & Central Asia,ECS,"Enrolment in Grade 1 of primary education, female (number)",4930309.0,4905641.5,4854109.5,4783681.0,4904557.5,4956814.0,5000967.0,5041590.5,5134191.5
UIS.E.1.G2,Europe & Central Asia,ECS,"Enrolment in Grade 2 of primary education, both sexes (number)",10227940.0,10139669.0,10023305.0,9993217.0,9839119.0,9986477.0,10080320.0,10203300.0,10283044.0
UIS.E.1.G2.F,Europe & Central Asia,ECS,"Enrolment in Grade 2 of primary education, female (number)",4963512.5,4923426.0,4866550.5,4849045.0,4779739.0,4848382.5,4898016.0,4956722.0,5001017.5
UIS.E.1.G3,Europe & Central Asia,ECS,"Enrolment in Grade 3 of primary education, both sexes (number)",10358002.0,10124566.0,10006979.0,9912209.0,9893105.0,9714013.0,9849353.0,9971872.0,10094559.0
UIS.E.1.G3.F,Europe & Central Asia,ECS,"Enrolment in Grade 3 of primary education, female (number)",5037479.5,4923475.5,4869368.0,4824739.5,4810384.0,4724741.0,4794068.5,4850694.0,4913208.0
UIS.E.1.G4,Europe & Central Asia,ECS,"Enrolment in Grade 4 of primary education, both sexes (number)",9991540.0,10178606.0,9987087.0,9860390.0,9817736.0,9795338.0,9606092.0,9837225.0,9960631.0
UIS.E.1.G4.F,Europe & Central Asia,ECS,"Enrolment in Grade 4 of primary education, female (number)",4726629.5,4945908.0,4857268.0,4800301.5,4780188.5,4762063.0,4670785.5,4782280.5,4840416.5
UIS.E.1.G5,Europe & Central Asia,ECS,"Enrolment in Grade 5 of primary education, both sexes (number)",5391520.0,5380292.5,5433020.5,5443084.5,5470367.0,5510868.5,5455752.0,4106837.75,4148967.0
UIS.E.1.G5.F,Europe & Central Asia,ECS,"Enrolment in Grade 5 of primary education, female (number)",2609835.0,2603306.75,2637331.0,2648736.25,2668807.0,2686032.5,2654309.0,1998098.5,2020949.25
UIS.E.1.G6,Europe & Central Asia,ECS,"Enrolment in Grade 6 of primary education, both sexes (number)",2679753.25,2683291.5,2683966.25,2653698.0,2611218.75,2614652.0,2581555.75,2522654.25,2501664.75
UIS.E.1.G6.F,Europe & Central Asia,ECS,"Enrolment in Grade 6 of primary education, female (number)",1270347.0,1271636.125,1286727.125,1271622.75,1251454.625,1273278.75,1237437.625,1197614.25,1188200.875
UIS.E.1.G7,Europe & Central Asia,ECS,"Enrolment in Grade 7 of primary education, both sexes (number)",118687.0,120377.0,124179.0,127213.0,126608.0,192961.0,194242.703125,196913.0625,195037.796875
UIS.E.1.G7.F,Europe & Central Asia,ECS,"Enrolment in Grade 7 of primary education, female (number)",58186.0,58586.0,60599.0,62038.0,61482.0,94388.0,95434.9765625,96550.6484375,95891.2109375
UIS.E.2,Europe & Central Asia,ECS,"Enrolment in lower secondary education, both sexes (number)",46250252.0,45042012.0,44201064.0,43536272.0,43064160.0,42213192.0,41475136.0,42806652.0,42618084.0
UIS.E.2.F,Europe & Central Asia,ECS,"Enrolment in lower secondary education, female (number)",22394070.0,21813548.0,21406826.0,21099866.0,20859022.0,20455388.0,20093862.0,20797582.0,20704812.0
UIS.E.2.GPV,Europe & Central Asia,ECS,"Enrolment in lower secondary general, both sexes (number)",45833912.0,44620748.0,43772668.0,43054848.0,42571568.0,41706936.0,40986208.0,41988460.0,41779684.0
UIS.E.2.GPV.F,Europe & Central Asia,ECS,"Enrolment in lower secondary general, female (number)",22225080.0,21642778.0,21233084.0,20901516.0,20655330.0,20241716.0,19886926.0,20432532.0,20337846.0
UIS.E.2.V,Europe & Central Asia,ECS,"Enrolment in lower secondary vocational, both sexes (number)",416343.0,421262.0,428397.0,481427.0,492593.0,506254.0,488928.0,818188.75,838403.0
UIS.E.2.V.F,Europe & Central Asia,ECS,"Enrolment in lower secondary vocational, female (number)",168991.0,170769.0,173743.0,198350.0,203692.0,213672.0,206936.0,365048.4375,366966.21875
UIS.E.4,Europe & Central Asia,ECS,"Enrolment in post-secondary non-tertiary education, both sexes (number)",1925809.25,1922010.75,1892341.25,1941720.25,1988691.625,1993041.875,1952745.25,2132488.75,2033528.5
UIS.E.4.F,Europe & Central Asia,ECS,"Enrolment in post-secondary non-tertiary education, female (number)",991618.6875,991175.125,965669.875,1002844.8125,1026404.375,1036605.375,1028221.625,1213785.625,1157081.5
UIS.E.4.PR,Europe & Central Asia,ECS,"Enrolment in post-secondary non-tertiary education, private institutions, both sexes (number)",330235.0625,347053.3125,372108.34375,431509.65625,469519.28125,486195.5,513335.25,830580.9375,813574.5
SE.PRE.ENRL,Europe & Central Asia,ECS,"Enrolment in pre-primary education, both sexes (number)",21558174.0,21950722.0,22617908.0,23121580.0,23766008.0,24557668.0,25328186.0,24618090.0,25441858.0
SE.PRE.ENRL.FE,Europe & Central Asia,ECS,"Enrolment in pre-primary education, female (number)",10450288.0,10642358.0,10973146.0,11209919.0,11526514.0,11901870.0,12278420.0,11916636.0,12330168.0
SE.PRM.ENRL,Europe & Central Asia,ECS,"Enrolment in primary education, both sexes (number)",50070836.0,49501584.0,49088844.0,48590368.0,48544256.0,48685516.0,48814932.0,48872400.0,49350704.0
SE.PRM.ENRL.FE,Europe & Central Asia,ECS,"Enrolment in primary education, female (number)",24283616.0,24010878.0,23811378.0,23591404.0,23580116.0,23663362.0,23731708.0,23782958.0,24024792.0
UIS.E.1.PR,Europe & Central Asia,ECS,"Enrolment in primary education, private institutions, both sexes (number)",3277801.0,3261179.5,3247222.75,3229956.25,3205266.0,3206980.75,3350835.25,3585351.0,3782650.5
SE.SEC.ENRL,Europe & Central Asia,ECS,"Enrolment in secondary education, both sexes (number)",80432096.0,78970232.0,77410000.0,76399360.0,76057120.0,74917816.0,73753392.0,78725584.0,78143392.0
SE.SEC.ENRL.FE,Europe & Central Asia,ECS,"Enrolment in secondary education, female (number)",38880752.0,38177540.0,37446180.0,36966760.0,36731172.0,36127900.0,35614628.0,38210744.0,37919360.0
UIS.E.23.PR,Europe & Central Asia,ECS,"Enrolment in secondary education, private institutions, both sexes (number)",6624523.5,6677277.5,6835948.0,7038181.5,7308449.0,7229784.0,7612202.0,10591596.0,10858433.0
SE.SEC.ENRL.GC,Europe & Central Asia,ECS,"Enrolment in secondary general, both sexes (number)",63904168.0,62531708.0,61400324.0,60538484.0,59887432.0,58912252.0,58028564.0,60680360.0,60305048.0
SE.SEC.ENRL.GC.FE,Europe & Central Asia,ECS,"Enrolment in secondary general, female (number)",31936416.0,31270022.0,30708718.0,30305212.0,29925724.0,29411438.0,28986664.0,30308544.0,30109408.0
SE.SEC.ENRL.VO,Europe & Central Asia,ECS,"Enrolment in secondary vocational, both sexes (number)",16527931.0,16438519.0,16009674.0,15860878.0,16169689.0,16005562.0,15724826.0,18045224.0,17838340.0
SE.SEC.ENRL.VO.FE,Europe & Central Asia,ECS,"Enrolment in secondary vocational, female (number)",6944335.0,6907518.0,6737464.0,6661549.0,6805447.0,6716463.0,6627964.5,7902201.5,7809952.5
SE.TER.ENRL,Europe & Central Asia,ECS,"Enrolment in tertiary education, all programmes, both sexes (number)",37193784.0,37857796.0,38290256.0,38756064.0,39231380.0,39164832.0,38685980.0,38299848.0,37693412.0
SE.TER.ENRL.FE,Europe & Central Asia,ECS,"Enrolment in tertiary education, all programmes, female (number)",20175232.0,20541262.0,20803772.0,21019882.0,21196322.0,21075114.0,20609308.0,20271526.0,19849730.0
UIS.E.5.B,Europe & Central Asia,ECS,"Enrolment in tertiary education, ISCED 5 programmes, both sexes (number)",5804559.0,5726163.0,5664902.0,5632832.0,5672116.0,5636892.5,5672967.5,5412557.0,5223368.0
UIS.E.5.B.F,Europe & Central Asia,ECS,"Enrolment in tertiary education, ISCED 5 programmes, female (number)",3104059.75,3042300.75,2994734.0,2980627.75,2978207.0,2948367.0,2914078.5,2712356.25,2599958.0
UIS.E.6,Europe & Central Asia,ECS,"Enrolment in tertiary education, ISCED 6 programmes, both sexes (number)",,,,,,,21140304.0,21316388.0,21975494.0
UIS.E.6.F,Europe & Central Asia,ECS,"Enrolment in tertiary education, ISCED 6 programmes, female (number)",,,,,,,11090803.0,11130769.0,11456740.0
UIS.E.7,Europe & Central Asia,ECS,"Enrolment in tertiary education, ISCED 7 programmes, both sexes (number)",,,,,,,10818456.0,10503127.0,9437299.0
UIS.E.7.F,Europe & Central Asia,ECS,"Enrolment in tertiary education, ISCED 7 programmes, female (number)",,,,,,,6110643.5,5929211.5,5296388.0
UIS.E.8,Europe & Central Asia,ECS,"Enrolment in tertiary education, ISCED 8 programmes, both sexes (number)",978720.875,1000191.4375,984430.0625,1010782.5,1049181.75,1050020.25,1054254.125,1067776.875,1057249.125
UIS.E.8.F,Europe & Central Asia,ECS,"Enrolment in tertiary education, ISCED 8 programmes, female (number)",444444.375,455274.59375,451785.40625,470380.21875,490071.46875,494877.34375,493782.34375,499189.65625,496644.5
UIS.E.3,Europe & Central Asia,ECS,"Enrolment in upper secondary education, both sexes (number)",34181844.0,33928220.0,33208936.0,32863088.0,32992958.0,32704622.0,32278256.0,35918936.0,35525304.0
UIS.E.3.F,Europe & Central Asia,ECS,"Enrolment in upper secondary education, female (number)",16486681.0,16363992.0,16039355.0,15866897.0,15872148.0,15672513.0,15520767.0,17413164.0,17214548.0
UIS.E.3.GPV,Europe & Central Asia,ECS,"Enrolment in upper secondary general, both sexes (number)",18070256.0,17910962.0,17627660.0,17483636.0,17315862.0,17205314.0,17042358.0,18691900.0,18525366.0
UIS.E.3.GPV.F,Europe & Central Asia,ECS,"Enrolment in upper secondary general, female (number)",9711337.0,9627243.0,9475634.0,9403697.0,9270394.0,9169721.0,9099738.0,9876011.0,9771562.0
UIS.E.3.V,Europe & Central Asia,ECS,"Enrolment in upper secondary vocational, both sexes (number)",16111588.0,16017257.0,15581277.0,15379451.0,15677096.0,15499308.0,15235898.0,17227036.0,16999936.0
UIS.E.3.V.F,Europe & Central Asia,ECS,"Enrolment in upper secondary vocational, female (number)",6775344.0,6736749.0,6563721.0,6463199.0,6601755.0,6502791.0,6421028.5,7537153.0,7442986.5
NY.GDP.MKTP.KD,Europe & Central Asia,ECS,GDP at market prices (constant 2005 US$),20385081696776.5,21139562072562.3,21351453366532.6,20395210666661.0,20924691161658.7,21425834080954.1,21487585307745.6,21679459019833.0,22076087550664.6
NY.GDP.MKTP.CD,Europe & Central Asia,ECS,GDP at market prices (current US$),18128083129847.2,21178802883227.4,23242038760382.1,20443199631948.9,20924691161658.7,23182627672175.1,22340699161445.0,23349158951152.4,23654699725965.0
NY.GDP.PCAP.KD,Europe & Central Asia,ECS,GDP per capita (constant 2005 US$),23288.1011677859,24064.1780843832,24208.9352888623,23030.038366293702,23536.905927455202,24044.389146557998,24017.4201770175,24118.9694604685,24444.931780578998
NY.GDP.PCAP.CD,Europe & Central Asia,ECS,GDP per capita (current US$),20709.68565079,24108.847782496003,26352.5392240169,23084.226956438903,23536.905927455202,26015.8890003278,24970.9751525851,25976.5546342867,26192.9347654669
NY.GDP.PCAP.PP.KD,Europe & Central Asia,ECS,"GDP per capita, PPP (constant 2011 international $)",26397.358145026603,27457.1518369396,27786.435562897597,26378.4686643823,27043.281727445,27769.7678338408,27857.8619743657,28080.509534548797,28464.191878718702
NY.GDP.PCAP.PP.CD,Europe & Central Asia,ECS,"GDP per capita, PPP (current international $)",22434.9170175202,24013.7185486915,25661.3752825136,24966.006099796097,26037.4584648212,27769.7678338408,28487.728406156402,29490.420944462003,30190.8028342425
NY.GDP.MKTP.PP.KD,Europe & Central Asia,ECS,"GDP, PPP (constant 2011 international $)",23106748742134.4,24120174125931.8,24506686314962.4,23360552723237.7,24041916124771.5,24745500268184.7,24923500578067.6,25240309570774.4,25705859914599.7
NY.GDP.MKTP.PP.CD,Europe & Central Asia,ECS,"GDP, PPP (current international $)",19638252726898.1,21095235086485.1,22632455790724.4,22109687609366.8,23147722928839.8,24745500268184.7,25487021080512.6,26507615650451.9,27265153062243.7
NY.GNP.MKTP.CD,Europe & Central Asia,ECS,GNI (current US$),18160133753825.7,21132768668163.3,23044669856314.5,20378829742216.1,20930075112948.1,23146706401704.6,22277880329257.5,23264031135237.7,23531132604610.4
NY.GNP.PCAP.CD,Europe & Central Asia,ECS,"GNI per capita, Atlas method (current US$)",20813.9071013689,22565.3011427752,24535.0920205003,24248.8007903869,24465.1620516279,24919.629832126,25201.808107081,25886.446275123,25883.5916885804
NY.GNP.PCAP.PP.CD,Europe & Central Asia,ECS,"GNI per capita, PPP (current international $)",22345.1700453098,23839.6744012338,25347.5026399523,24756.3551492153,25894.7468692829,27580.7293704762,28280.6046005357,29258.848141946,29915.2072873342
NY.GNP.MKTP.PP.CD,Europe & Central Asia,ECS,"GNI, PPP (current international $)",19559693322360.8,20942343221836.9,22355630849407.7,21924022469102.8,23020850005481.5,24577049045478.3,25301714315267.4,26299465252878.7,27016264193306.2
SE.SEC.ENRR.LO,Europe & Central Asia,ECS,"Gross enrolment ratio, lower secondary, both sexes (%)",97.26699829101558,97.5407028198242,98.31356811523442,99.3198776245117,100.661743164063,100.986763000488,101.305473327637,103.783248901367,104.131820678711
SE.SEC.ENRR.LO.FE,Europe & Central Asia,ECS,"Gross enrolment ratio, lower secondary, female (%)",96.4654769897461,96.77796173095699,97.59600830078129,98.6999893188477,99.9971466064453,100.38555908203101,100.67861938476601,103.41869354248001,103.771347045898
UIS.GER.2.GPI,Europe & Central Asia,ECS,"Gross enrolment ratio, lower secondary, gender parity index (GPI)",0.9840199947357181,0.9848399758338929,0.9858499765396121,0.987890005111694,0.9872000217437741,0.988449990749359,0.987999975681305,0.993170022964478,0.993269979953766
SE.SEC.ENRR.LO.MA,Europe & Central Asia,ECS,"Gross enrolment ratio, lower secondary, male (%)",98.0316162109375,98.2680130004883,98.99713134765629,99.9099884033203,101.294151306152,101.558578491211,101.901718139648,104.130111694336,104.474731445313
SE.PRE.ENRR,Europe & Central Asia,ECS,"Gross enrolment ratio, pre-primary, both sexes (%)",67.8203201293945,68.9035110473633,70.5330810546875,71.32911682128909,72.5095291137695,73.8036575317383,74.5380630493164,73.5913925170898,74.5747604370117
SE.PRE.ENRR.FE,Europe & Central Asia,ECS,"Gross enrolment ratio, pre-primary, female (%)",67.44448852539061,68.56430816650389,70.25424957275389,71.0177688598633,72.2173080444336,73.4439697265625,74.18817138671879,73.1395568847656,74.2163009643555
UIS.GER.0.GPI,Europe & Central Asia,ECS,"Gross enrolment ratio, pre-primary, gender parity index (GPI)",0.989239990711212,0.990440011024475,0.992320001125336,0.991530001163483,0.9921699762344359,0.9905400276184079,0.990890026092529,0.9880999922752379,0.990670025348663
SE.PRE.ENRR.MA,Europe & Central Asia,ECS,"Gross enrolment ratio, pre-primary, male (%)",68.1777420043945,69.2258224487305,70.79786682128909,71.624641418457,72.7869033813477,74.145149230957,74.87030029296879,74.0204162597656,74.9150314331055
UIS.GER.12,Europe & Central Asia,ECS,"Gross enrolment ratio, primary and lower secondary, both sexes (%)",99.5602264404297,99.8611373901367,100.469772338867,100.840858459473,101.599166870117,101.79470062255899,101.842498779297,103.714111328125,103.66970062255899
UIS.GER.12.F,Europe & Central Asia,ECS,"Gross enrolment ratio, primary and lower secondary, female (%)",98.86065673828129,99.20374298095699,99.8440704345703,100.324989318848,101.101127624512,101.37940216064501,101.42395782470699,103.467582702637,103.441200256348
UIS.GER.12.GPI,Europe & Central Asia,ECS,"Gross enrolment ratio, primary and lower secondary, gender parity index (GPI)",0.986370027065277,0.9872199892997741,0.9879099726676941,0.9900599718093871,0.990480005741119,0.992070019245148,0.992009997367859,0.9953699707984921,0.9957100152969359
UIS.GER.12.M,Europe & Central Asia,ECS,"Gross enrolment ratio, primary and lower secondary, male (%)",100.227088928223,100.48747253418001,101.065536499023,101.331756591797,102.072898864746,102.189498901367,102.240440368652,103.94856262206999,103.886993408203
UIS.GER.123,Europe & Central Asia,ECS,"Gross enrolment ratio, primary and secondary, both sexes (%)",97.87342071533199,98.3577194213867,98.7452926635742,98.3658294677734,99.5955963134766,100.058151245117,100.24478149414101,104.694931030273,104.905967712402
UIS.GER.123.F,Europe & Central Asia,ECS,"Gross enrolment ratio, primary and secondary, female (%)",96.98438262939449,97.4948883056641,97.94830322265629,97.6442489624023,98.8064117431641,99.24725341796879,99.52377319335942,104.29386901855499,104.512496948242
SE.ENR.PRSC.FM.ZS,Europe & Central Asia,ECS,"Gross enrolment ratio, primary and secondary, gender parity index (GPI)",0.9824000000953671,0.982999980449677,0.9843500256538391,0.9857699871063229,0.9846400022506709,0.9843000173568729,0.9860600233078,0.992550015449524,0.9926999807357791
UIS.GER.123.M,Europe & Central Asia,ECS,"Gross enrolment ratio, primary and secondary, male (%)",98.7222900390625,99.1812362670898,99.50550079345699,99.0538177490234,100.34748840331999,100.830078125,100.93115997314501,105.076759338379,105.280517578125
SE.TOT.ENRR,Europe & Central Asia,ECS,"Gross enrolment ratio, primary to tertiary, both sexes (%)",85.484001159668,85.91854858398442,86.2718963623047,86.41773223876949,87.7607192993164,88.517578125,89.0405807495117,92.6919708251953,93.1854629516602
UIS.GER.1T6.F,Europe & Central Asia,ECS,"Gross enrolment ratio, primary to tertiary, female (%)",86.843017578125,87.3581008911133,87.82556915283199,88.04193115234379,89.3216781616211,90.0255584716797,90.4012908935547,94.23526000976558,94.6079864501953
UIS.GER.1T6.GPI,Europe & Central Asia,ECS,"Gross enrolment ratio, primary to tertiary, gender parity index (GPI)",1.0316200256347698,1.03334999084473,1.03587996959686,1.03746998310089,1.0354100465774498,1.03387999534607,1.03032994270325,1.03308999538422,1.03029000759125
UIS.GER.1T6.M,Europe & Central Asia,ECS,"Gross enrolment ratio, primary to tertiary, male (%)",84.18145751953129,84.53880310058591,84.7832870483398,84.8620986938477,86.2667922973633,87.0758285522461,87.7398300170898,91.217041015625,91.8263626098633
SE.PRM.ENRR,Europe & Central Asia,ECS,"Gross enrolment ratio, primary, both sexes (%)",101.776679992676,102.07057952880899,102.493843078613,102.24373626709,102.445518493652,102.505760192871,102.30328369140601,103.65364074706999,103.273910522461
SE.PRM.ENRR.FE,Europe & Central Asia,ECS,"Gross enrolment ratio, primary, female (%)",101.177352905273,101.515411376953,101.95538330078101,101.82437133789101,102.09822845459,102.25450897216801,102.063720703125,103.51036834716801,103.158348083496
SE.ENR.PRIM.FM.ZS,Europe & Central Asia,ECS,"Gross enrolment ratio, primary, gender parity index (GPI)",0.988569974899292,0.989440023899078,0.9897999763488771,0.992030024528503,0.9934099912643429,0.9952300190925601,0.995440006256104,0.9973099827766422,0.997820019721985
SE.PRM.ENRR.MA,Europe & Central Asia,ECS,"Gross enrolment ratio, primary, male (%)",102.34757995605499,102.59909820556601,103.00628662109399,102.642677307129,102.775718688965,102.744522094727,102.530960083008,103.789810180664,103.383773803711
SE.SEC.ENRR,Europe & Central Asia,ECS,"Gross enrolment ratio, secondary, both sexes (%)",95.59121704101558,96.16500854492192,96.5070266723633,96.0488967895508,97.85806274414058,98.52926635742192,98.9272918701172,105.351951599121,105.963516235352
SE.SEC.ENRR.FE,Europe & Central Asia,ECS,"Gross enrolment ratio, secondary, female (%)",94.5374526977539,95.1254501342773,95.56008911132808,95.1514129638672,96.8027801513672,97.37158966064449,97.9003067016602,104.787559509277,105.38900756835899
SE.ENR.SECO.FM.ZS,Europe & Central Asia,ECS,"Gross enrolment ratio, secondary, gender parity index (GPI)",0.978659987449646,0.9790700078010559,0.9809899926185609,0.981899976730347,0.9791399836540219,0.9773100018501278,0.9799200296401981,0.9895899891853329,0.9894700050354001
SE.SEC.ENRR.MA,Europe & Central Asia,ECS,"Gross enrolment ratio, secondary, male (%)",96.59876251220699,97.15872192382808,97.4114990234375,96.90576934814449,98.8647079467773,99.6325531005859,99.9059371948242,105.889839172363,106.510887145996
SE.TER.ENRR,Europe & Central Asia,ECS,"Gross enrolment ratio, tertiary, both sexes (%)",57.144229888915994,58.05522155761721,58.818878173828104,59.936008453369105,61.452751159668,62.561241149902294,63.3925094604492,64.475471496582,65.0807266235352
SE.TER.ENRR.FE,Europe & Central Asia,ECS,"Gross enrolment ratio, tertiary, female (%)",63.0884895324707,64.091178894043,65.02084350585939,66.1459121704102,67.5880966186523,68.5754928588867,68.80703735351561,69.55551147460939,69.8712997436523
SE.ENR.TERT.FM.ZS,Europe & Central Asia,ECS,"Gross enrolment ratio, tertiary, gender parity index (GPI)",1.22733998298645,1.22730004787445,1.23089003562927,1.22640001773834,1.21718001365662,1.20813000202179,1.1827900409698502,1.1673799753189098,1.15549004077911
SE.TER.ENRR.MA,Europe & Central Asia,ECS,"Gross enrolment ratio, tertiary, male (%)",51.402671813964794,52.2212791442871,52.8244018554688,53.935020446777294,55.528560638427706,56.761558532714794,58.1733894348145,59.582359313964794,60.4687385559082
SE.SEC.ENRR.UP,Europe & Central Asia,ECS,"Gross enrolment ratio, upper secondary, both sexes (%)",93.4136123657227,94.3975296020508,94.2030487060547,92.03347778320308,94.4252700805664,95.5287322998047,96.0306167602539,107.284530639648,108.247787475586
SE.SEC.ENRR.UP.FE,Europe & Central Asia,ECS,"Gross enrolment ratio, upper secondary, female (%)",92.0387496948242,93.0084075927734,92.97161865234379,90.8097381591797,92.9026107788086,93.69982147216801,94.5233001708984,106.470733642578,107.40274047851601
UIS.GER.3.GPI,Europe & Central Asia,ECS,"Gross enrolment ratio, upper secondary, gender parity index (GPI)",0.971570014953613,0.971570014953613,0.974720001220703,0.974290013313293,0.9689199924468991,0.963240027427673,0.9697700142860409,0.9852799773216251,0.984849989414215
SE.SEC.ENRR.UP.MA,Europe & Central Asia,ECS,"Gross enrolment ratio, upper secondary, male (%)",94.73204803466801,95.7295913696289,95.38327026367192,93.20604705810551,95.8821563720703,97.27587890625,97.4702301025391,108.061721801758,109.054458618164
SE.PRM.GINT.ZS,Europe & Central Asia,ECS,"Gross intake ratio to Grade 1 of primary education, both sexes (%)",100.442001342773,101.30457305908199,100.880340576172,99.3936386108398,101.087509155273,101.167381286621,101.056053161621,104.513198852539,100.25853729248001
SE.PRM.GINT.FE.ZS,Europe & Central Asia,ECS,"Gross intake ratio to Grade 1 of primary education, female (%)",99.8192977905273,100.668716430664,100.231430053711,98.9509429931641,100.77320098876999,100.930892944336,100.573211669922,104.19940185546899,99.9589309692383
UIS.AIR.1.GPI,Europe & Central Asia,ECS,"Gross intake ratio to Grade 1 of primary education, gender parity index (GPI)",0.9879699945449829,0.9878299832344059,0.987529993057251,0.991349995136261,0.9939600229263309,0.9954500198364259,0.990729987621307,0.994159996509552,0.994189977645874
SE.PRM.GINT.MA.ZS,Europe & Central Asia,ECS,"Gross intake ratio to Grade 1 of primary education, male (%)",101.03513336181601,101.909217834473,101.49714660644501,99.8142776489258,101.386016845703,101.39192199706999,101.514701843262,104.811416625977,100.543281555176
UIS.GOER.56,Europe & Central Asia,ECS,"Gross outbound enrolment ratio, all regions, both sexes (%)",1.1811000108718899,1.23756003379822,1.3099000453949,1.3861299753189098,1.51382994651794,1.64667999744415,1.73362994194031,1.7896699905395501,
UIS.MSEP.56,Europe & Central Asia,ECS,"Inbound mobility rate, both sexes (%)",3.7456300258636497,3.81474995613098,4.01512002944946,4.09911012649536,4.3118400573730495,4.62215995788574,4.7762598991394,4.75138998031616,
UIS.MSEP.56.F,Europe & Central Asia,ECS,"Inbound mobility rate, female (%)",3.41846990585327,3.51121997833252,3.6513199806213397,3.7113800048828103,3.9593300819397004,4.252210140228271,4.47667980194092,4.4643697738647505,
UIS.MSEP.56.M,Europe & Central Asia,ECS,"Inbound mobility rate, male (%)",4.1331901550292995,4.17471981048584,4.447959899902339,4.55874013900757,4.726309776306151,5.05325984954834,5.1185798645019505,5.07556009292603,
IT.NET.USER.P2,Europe & Central Asia,ECS,Internet users (per 100 people),38.0834867000107,43.6743815037404,47.35904473065129,50.5660384154691,56.1191173283575,58.834630390890005,63.486253443122905,66.306668615053,68.9443512173395
SL.TLF.ADVN.ZS,Europe & Central Asia,ECS,Labor force with advanced education (% of total),,,,78.0197242743683,78.57752119682941,78.5313411443328,78.3964613152851,78.33519930142779,78.38458132851059
SL.TLF.ADVN.FE.ZS,Europe & Central Asia,ECS,"Labor force with advanced education, female (% of female labor force)",,,,76.48837625384509,77.0434085769638,76.7229609348003,76.5974737537313,76.5778515751419,75.9181750195865
SL.TLF.ADVN.MA.ZS,Europe & Central Asia,ECS,"Labor force with advanced education, male (% of male labor force)",,,,79.8600788125415,80.4069986190194,80.6929789695407,80.5867621331634,80.4913107098004,81.5470868633169
SL.TLF.BASC.ZS,Europe & Central Asia,ECS,Labor force with basic education (% of total),,,,38.5665250854045,38.6063115230885,39.2860353577662,38.697200211064704,38.4975115972867,36.293741371311704
SL.TLF.BASC.FE.ZS,Europe & Central Asia,ECS,"Labor force with basic education, female (% of female labor force)",,,,28.8019215373243,28.8724505063058,29.5494408856494,28.975091434962696,28.754363657008298,27.625806141193
SL.TLF.BASC.MA.ZS,Europe & Central Asia,ECS,"Labor force with basic education, male (% of male labor force)",,,,50.850971005232,50.767728898753994,51.4714756388391,50.7996012162697,50.514929699064396,46.5976948445546
SL.TLF.INTM.ZS,Europe & Central Asia,ECS,Labor force with intermediate education (% of total),,,,66.5800578081914,66.0950266909835,65.8654310840512,65.5513604423994,65.1961424446371,64.9164892778103
SL.TLF.INTM.FE.ZS,Europe & Central Asia,ECS,"Labor force with intermediate education, female (% of female labor force)",,,,60.08466370693271,59.482839971779605,59.202505240251895,58.817385197765,58.4870089901353,57.4798738290755
SL.TLF.INTM.MA.ZS,Europe & Central Asia,ECS,"Labor force with intermediate education, male (% of male labor force)",,,,73.3063477957641,72.8433896122845,72.70039315978741,72.41375681665579,72.0267824005224,71.9963233519743
SL.TLF.TOTL.FE.ZS,Europe & Central Asia,ECS,"Labor force, female (% of total labor force)",44.744100772394894,44.7784311213014,44.7820961898654,44.962023596627596,44.997150734991294,45.0933855710271,45.16381272023501,45.2396033827287,45.2282895991232
SL.TLF.TOTL.IN,Europe & Central Asia,ECS,"Labor force, total",412275923.0,416119358.0,420245525.0,422620984.0,424916600.0,426739103.0,429196095.0,431540965.0,433273291.0
SE.SEC.CMPT.LO.ZS,Europe & Central Asia,ECS,"Lower secondary completion rate, both sexes (%)",89.6468887329102,89.8809356689453,89.3837661743164,88.14550018310551,91.96240234375,92.2314682006836,91.2663803100586,91.56060791015629,92.4239349365234
SE.SEC.CMPT.LO.FE.ZS,Europe & Central Asia,ECS,"Lower secondary completion rate, female (%)",89.8480453491211,90.04229736328129,89.6225128173828,88.3599090576172,92.0609512329102,92.3514556884766,91.3387985229492,91.6323776245117,92.4289093017578
UIS.AIR.2.GPV.GLAST.GPI,Europe & Central Asia,ECS,"Lower secondary completion rate, gender parity index (GPI)",1.00442004203796,1.00350999832153,1.00524997711182,1.00476002693176,1.00207996368408,1.0025199651718102,1.00146996974945,1.0013999938964802,0.9999399781227108
SE.SEC.CMPT.LO.MA.ZS,Europe & Central Asia,ECS,"Lower secondary completion rate, male (%)",89.45262908935551,89.7274627685547,89.1544723510742,87.9409942626953,91.8696823120117,92.1191024780273,91.20462036132808,91.50396728515629,92.4343490600586
SH.DYN.MORT,Europe & Central Asia,ECS,"Mortality rate, under-5 (per 1,000)",15.502692027519199,14.733149404614199,14.0203971898189,13.3726477971694,12.761391784992599,12.194198793724501,11.631877670939,11.114672956131999,10.6196553964701
UIS.NER.2,Europe & Central Asia,ECS,"Net enrolment rate, lower secondary, both sexes (%)",,,,,,,89.0501174926758,91.2299652099609,91.73553466796879
UIS.NER.2.F,Europe & Central Asia,ECS,"Net enrolment rate, lower secondary, female (%)",,,,,,,88.9550399780273,91.11666870117192,91.6713027954102
UIS.NER.2.M,Europe & Central Asia,ECS,"Net enrolment rate, lower secondary, male (%)",,,,,,,89.1724700927734,91.3697738647461,91.8304214477539
SE.PRM.NENR,Europe & Central Asia,ECS,"Net enrolment rate, primary, both sexes (%)",95.4962692260742,95.4448471069336,95.7770767211914,95.5922088623047,96.0497665405273,96.1907501220703,96.02432250976558,96.173828125,95.9326171875
SE.PRM.NENR.FE,Europe & Central Asia,ECS,"Net enrolment rate, primary, female (%)",95.1306686401367,95.12342071533199,95.48193359375,95.3647232055664,95.8851318359375,96.0591278076172,95.9084930419922,96.0673980712891,95.8608627319336
UIS.NER.1.GPI,Europe & Central Asia,ECS,"Net enrolment rate, primary, gender parity index (GPI)",0.992550015449524,0.9934499859809879,0.994000017642975,0.9953699707984921,0.9966599941253659,0.9973300099372859,0.997650027275085,0.997839987277985,0.9985399842262271
SE.PRM.NENR.MA,Europe & Central Asia,ECS,"Net enrolment rate, primary, male (%)",95.8445281982422,95.75086212158199,96.0579681396484,95.8086318969727,96.20630645751949,96.3158187866211,96.13440704345699,96.2749862670898,96.00084686279301
SE.SEC.NENR,Europe & Central Asia,ECS,"Net enrolment rate, secondary, both sexes (%)",86.0134048461914,86.2520980834961,86.66541290283199,86.60607147216801,87.7565078735352,88.10000610351558,88.2638778686523,89.6271514892578,90.3427505493164
SE.SEC.NENR.FE,Europe & Central Asia,ECS,"Net enrolment rate, secondary, female (%)",85.9625015258789,86.18923950195308,86.65481567382808,,87.6310577392578,87.95883178710942,88.254638671875,89.62423706054692,
UIS.NER.23.GPI,Europe & Central Asia,ECS,"Net enrolment rate, secondary, gender parity index (GPI)",0.998719990253448,0.9984700083732609,0.999639987945557,,0.9970700144767758,0.996730029582977,0.999629974365234,0.9997699856758121,
SE.SEC.NENR.MA,Europe & Central Asia,ECS,"Net enrolment rate, secondary, male (%)",86.0730743408203,86.3215179443359,86.68627166748051,,87.8883590698242,88.2472610473633,88.2874069213867,89.6451034545898,
SE.PRM.NINT.ZS,Europe & Central Asia,ECS,"Net intake rate to Grade 1 of primary education, both sexes (%)",,,,,,,,77.31382751464841,79.4709548950195
SE.PRM.NINT.FE.ZS,Europe & Central Asia,ECS,"Net intake rate to Grade 1 of primary education, female (%)",,,,,,,,76.9068298339844,79.1064529418945
UIS.NIR.1.GPI,Europe & Central Asia,ECS,"Net intake rate to Grade 1 of primary education, gender parity index (GPI)",,,,,,,,0.9897800087928771,0.9910899996757511
SE.PRM.NINT.MA.ZS,Europe & Central Asia,ECS,"Net intake rate to Grade 1 of primary education, male (%)",,,,,,,,77.70057678222659,79.8173141479492
UIS.NE.1.G1,Europe & Central Asia,ECS,"New entrants to Grade 1 of primary education, both sexes (number)",10008773.0,9973656.0,9874734.0,9732455.0,9944109.0,10006703.0,10127624.0,10659716.0,10427800.0
UIS.NE.1.G1.F,Europe & Central Asia,ECS,"New entrants to Grade 1 of primary education, female (number)",4852435.0,4830888.5,4781176.5,4720718.5,4828741.0,4862350.5,4910080.5,5178504.0,5065977.5
UIS.FNP.1,Europe & Central Asia,ECS,"New entrants to Grade 1 of primary education, percentage female (%)",48.481819152832,48.4364814758301,48.4182815551758,48.504909515380895,48.558811187744105,48.590938568115206,48.482059478759794,48.5801315307617,48.581459045410206
UIS.OMR.56,Europe & Central Asia,ECS,"Outbound mobility ratio, all regions, both sexes (%)",2.08083009719849,2.14791989326477,2.24416995048523,2.32918000221252,2.4772999286651602,2.6488299369812003,2.74625992774963,2.8211300373077406,
UIS.OFST.2,Europe & Central Asia,ECS,"Out-of-school adolescents of lower secondary school age, both sexes (number)",2475278.0,2500155.0,2403543.0,2085795.0,1846482.0,1673381.0,1557522.0,1392229.0,1304365.0
UIS.OFST.2.F,Europe & Central Asia,ECS,"Out-of-school adolescents of lower secondary school age, female (number)",1206463.0,1227257.0,1196237.0,1047365.0,922408.0,839685.0,775341.0,701175.0,660637.0
UIS.OFST.2.M,Europe & Central Asia,ECS,"Out-of-school adolescents of lower secondary school age, male (number)",1268815.0,1272898.0,1207306.0,1038430.0,924075.0,833695.0,782182.0,691054.0,643728.0
SE.PRM.UNER,Europe & Central Asia,ECS,"Out-of-school children of primary school age, both sexes (number)",1558183.0,1521373.0,1374516.0,1434805.0,1291384.0,1268519.0,1312354.0,1270097.0,1423031.0
SE.PRM.UNER.FE,Europe & Central Asia,ECS,"Out-of-school children of primary school age, female (number)",814528.0,772642.0,706674.0,716600.0,639105.0,623363.0,638992.0,622427.0,691112.0
SE.PRM.UNER.MA,Europe & Central Asia,ECS,"Out-of-school children of primary school age, male (number)",743655.0,748730.0,667842.0,718205.0,652279.0,645155.0,673362.0,647670.0,731919.0
UIS.OFST.3.CP,Europe & Central Asia,ECS,"Out-of-school youth of upper secondary school age, both sexes (number)",5968671.0,5676719.0,5242606.0,5398228.0,4811281.0,4526906.0,4668773.0,3844954.0,3631834.0
UIS.OFST.3.F.CP,Europe & Central Asia,ECS,"Out-of-school youth of upper secondary school age, female (number)",2794357.0,2660905.0,2455019.0,2537998.0,2341291.0,2235665.0,2275461.0,1856751.0,1763912.0
UIS.OFST.3.M.CP,Europe & Central Asia,ECS,"Out-of-school youth of upper secondary school age, male (number)",3174313.0,3015814.0,2787587.0,2860231.0,2469990.0,2291241.0,2393312.0,1988203.0,1867922.0
UIS.FEP.56.FOREIGN,Europe & Central Asia,ECS,"Percentage of all inbound internationally mobile students in tertiary education in the host country who are female, (%)",49.4893112182617,49.9352684020996,49.4101715087891,49.1127586364746,49.6218605041504,49.5097999572754,49.9845085144043,49.835601806640604,
UIS.TEP.5.B,Europe & Central Asia,ECS,"Percentage of all students in tertiary education enrolled in ISCED 5, both sexes (%)",15.606260299682601,15.125450134277301,14.7946300506592,14.534070014953599,14.458109855651902,14.392740249633801,14.6641397476196,14.132060050964402,13.8575096130371
UIS.TEP.6,Europe & Central Asia,ECS,"Percentage of all students in tertiary education enrolled in ISCED 6, both sexes (%)",,,,,,,54.645900726318395,55.656589508056605,58.300621032714794
UIS.TEP.7,Europe & Central Asia,ECS,"Percentage of all students in tertiary education enrolled in ISCED 7, both sexes (%)",,,,,,,27.9647998809814,27.423419952392603,25.037000656127898
UIS.TEP.8,Europe & Central Asia,ECS,"Percentage of all students in tertiary education enrolled in ISCED 8, both sexes (%)",2.63140988349915,2.6419699192047097,2.57097005844116,2.6080598831176802,2.67434000968933,2.68103003501892,2.7251598834991495,2.78794002532959,2.80486011505127
UIS.PRP.4,Europe & Central Asia,ECS,Percentage of enrolment in post-secondary non-tertiary education in private institutions (%),17.1478595733643,18.0567798614502,19.6639099121094,22.2230606079102,23.6094608306885,24.394649505615202,26.2878799438477,38.9488983154297,40.008018493652294
SE.PRE.PRIV.ZS,Europe & Central Asia,ECS,Percentage of enrolment in pre-primary education in private institutions (%),19.451339721679698,19.410589218139602,19.2240600585938,18.7636699676514,18.1951904296875,18.3038101196289,18.453680038452102,19.5776195526123,19.126859664917
SE.PRM.PRIV.ZS,Europe & Central Asia,ECS,Percentage of enrolment in primary education in private institutions (%),6.54632997512817,6.5880298614502,6.614990234375,6.647319793701169,6.60276985168457,6.587140083312991,6.86436986923218,7.3361501693725595,7.66484022140503
SE.SEC.PRIV.ZS,Europe & Central Asia,ECS,Percentage of enrolment in secondary education in private institutions (%),8.23616981506348,8.45543956756592,8.83082962036133,9.21236038208008,9.60916042327881,9.650289535522461,10.321160316467301,13.453820228576697,13.895520210266099
UIS.GTVP.2.GPV.F,Europe & Central Asia,ECS,"Percentage of female students in lower secondary education enrolled in general programmes, female (%)",99.2453765869141,99.2171401977539,99.1883773803711,99.0599517822266,99.0234832763672,98.9554214477539,98.97015380859379,98.24475860595699,98.22763061523442
UIS.GTVP.2.V.F,Europe & Central Asia,ECS,"Percentage of female students in lower secondary education enrolled in vocational programmes, female (%)",0.754620015621185,0.782859981060028,0.8116199970245358,0.9400500059127809,0.976520001888275,1.04457998275757,1.0298500061035198,1.75523996353149,1.77236998081207
UIS.GTVP.23.GPV.F,Europe & Central Asia,ECS,"Percentage of female students in secondary education enrolled in general programmes, female (%)",82.1393966674805,81.906852722168,82.0076065063477,81.979621887207,81.472282409668,81.4092102050781,81.3897705078125,79.3194274902344,79.40379333496091
SE.SEC.ENRL.FE.VO.ZS,Europe & Central Asia,ECS,"Percentage of female students in secondary education enrolled in vocational programmes, female (%)",17.8605995178223,18.0931491851807,17.992389678955103,18.0203800201416,18.5277194976807,18.5907897949219,18.6102294921875,20.680570602417,20.596210479736303
UIS.GTVP.3.GPV.F,Europe & Central Asia,ECS,"Percentage of female students in upper secondary education enrolled in general programmes, female (%)",58.9041404724121,58.831871032714794,59.0774002075195,59.266139984130895,58.4066696166992,58.50830078125,58.62944030761721,56.7157707214355,56.763389587402294
UIS.GTVP.3.V.F,Europe & Central Asia,ECS,"Percentage of female students in upper secondary education enrolled in vocational programmes, female (%)",41.0958595275879,41.168128967285206,40.922599792480504,40.733860015869105,41.593330383300795,41.49169921875,41.3705596923828,43.2842292785645,43.236610412597706
UIS.GTVP.2.GPV.M,Europe & Central Asia,ECS,"Percentage of male students in lower secondary education enrolled in general programmes, male (%)",98.9631500244141,98.9216079711914,98.8828125,98.73831176757808,98.6989517211914,98.65528106689449,98.6811294555664,97.9411163330078,97.8486175537109
UIS.GTVP.2.V.M,Europe & Central Asia,ECS,"Percentage of male students in lower secondary education enrolled in vocational programmes, male (%)",1.03684997558594,1.07839000225067,1.1171900033950801,1.2616900205612198,1.30104994773865,1.34472000598907,1.3188699483871498,2.0588800907135,2.15138006210327
UIS.GTVP.23.GPV.M,Europe & Central Asia,ECS,"Percentage of male students in secondary education enrolled in general programmes, male (%)",76.93553161621091,76.6355209350586,76.7984924316406,76.6707534790039,76.1881332397461,76.0528030395508,76.1479873657227,74.9646682739258,75.0686721801758
SE.SEC.ENRL.MA.VO.ZS,Europe & Central Asia,ECS,"Percentage of male students in secondary education enrolled in vocational programmes, male (%)",23.0644702911377,23.364479064941396,23.201509475707997,23.3292503356934,23.8118705749512,23.9472007751465,23.8520107269287,25.0353298187256,24.931329727172898
UIS.GTVP.3.GPV.M,Europe & Central Asia,ECS,"Percentage of male students in upper secondary education enrolled in general programmes, male (%)",47.238441467285206,47.1624412536621,47.479461669921896,47.539710998535206,46.992340087890604,47.179080963134794,47.397430419921896,47.638599395752,47.8069000244141
UIS.GTVP.3.V.M,Europe & Central Asia,ECS,"Percentage of male students in upper secondary education enrolled in vocational programmes, male (%)",52.761558532714794,52.8375587463379,52.520538330078104,52.460289001464794,53.007659912109396,52.820919036865206,52.602569580078104,52.361400604248,52.1930999755859
UIS.REPP.2.GPV.GPI,Europe & Central Asia,ECS,"Percentage of repeaters in lower secondary education, all grades, gender parity index (GPI)",0.819620013237,0.80145001411438,0.795830011367798,0.804040014743805,0.783060014247894,0.796580016613007,0.8060299754142758,0.8011100292205809,0.79025000333786
UIS.REPP.2.GPV,Europe & Central Asia,ECS,"Percentage of repeaters in lower secondary general education, all grades, both sexes (%)",2.34875059127808,2.35412979125977,2.3430378437042205,2.2805581092834504,2.17722988128662,2.17750191688538,2.1206271648407,1.96230733394623,1.8350396156311002
UIS.REPP.2.GPV.F,Europe & Central Asia,ECS,"Percentage of repeaters in lower secondary general education, all grades, female (%)",2.10961031913757,2.08777952194214,2.06962895393372,2.02643227577209,1.9054663181304898,1.92456269264221,1.88687515258789,1.74046993255615,1.61503779888153
UIS.REPP.2.GPV.M,Europe & Central Asia,ECS,"Percentage of repeaters in lower secondary general education, all grades, male (%)",2.57386994361877,2.6050000190734903,2.60060000419617,2.52031993865967,2.43336009979248,2.41601991653442,2.34095001220703,2.1725800037384,2.04370999336243
SE.PRM.REPT.ZS,Europe & Central Asia,ECS,"Percentage of repeaters in primary education, all grades, both sexes (%)",1.4243122339248702,1.3635969161987298,1.4055174589157098,1.29972672462463,1.2636404037475601,1.34952211380005,1.30303752422333,1.25063288211823,1.22691524028778
SE.PRM.REPT.FE.ZS,Europe & Central Asia,ECS,"Percentage of repeaters in primary education, all grades, female (%)",1.9361479282379197,1.88419651985168,1.92839419841766,1.83814764022827,1.80870079994202,1.8986457586288499,1.8592021465301498,1.77625477313995,1.7419912815094
UIS.REPP.1.GPI,Europe & Central Asia,ECS,"Percentage of repeaters in primary education, all grades, gender parity index (GPI)",2.0546600818634,2.1577599048614498,2.11223006248474,2.32200002670288,2.4154698848724396,2.2869200706481903,2.3932900428772004,2.36084008216858,2.35946011543274
SE.PRM.REPT.MA.ZS,Europe & Central Asia,ECS,"Percentage of repeaters in primary education, all grades, male (%)",0.9423199892044071,0.873220026493073,0.912970006465912,0.791620016098022,0.7487999796867371,0.830219984054565,0.776839971542358,0.752380013465881,0.7383000254631039
UIS.GTVP.2.GPV,Europe & Central Asia,ECS,"Percentage of students in lower secondary education enrolled in general programmes, both sexes (%)",99.0998001098633,99.0647430419922,99.0307998657227,98.8941879272461,98.85614013671879,98.80072021484379,98.8211517333984,98.0886383056641,98.0327529907227
UIS.GTVP.2.V,Europe & Central Asia,ECS,"Percentage of students in lower secondary education enrolled in vocational programmes, both sexes (%)",0.900200009346008,0.9352599978446959,0.9692000150680541,1.1058100461959801,1.14385998249054,1.1992800235748302,1.17885005474091,1.91136002540588,1.96724998950958
UIS.FEP.2,Europe & Central Asia,ECS,Percentage of students in lower secondary education who are female (%),48.419349670410206,48.4293403625488,48.430568695068395,48.4650192260742,48.4370803833008,48.457340240478494,48.447971343994105,48.584930419921896,48.582218170165994
UIS.FEP.2.V,Europe & Central Asia,ECS,Percentage of students in lower secondary vocational education who are female (%),40.5893707275391,40.5374794006348,40.5565414428711,41.200431823730504,41.35097122192379,42.2064781188965,42.3244285583496,44.616661071777294,43.7696685791016
UIS.FEP.4,Europe & Central Asia,ECS,Percentage of students in post-secondary non-tertiary education who are female (%),51.4910087585449,51.569698333740206,51.0304298400879,51.6472282409668,51.6120414733887,52.0112190246582,52.655181884765604,56.918739318847706,56.9001884460449
SE.PRE.ENRL.FE.ZS,Europe & Central Asia,ECS,Percentage of students in pre-primary education who are female (%),48.4748306274414,48.482948303222706,48.5153007507324,48.48249816894529,48.5,48.4649887084961,48.477298736572294,48.4060211181641,48.4640998840332
SE.PRM.ENRL.FE.ZS,Europe & Central Asia,ECS,Percentage of students in primary education who are female (%),48.4985198974609,48.5052680969238,48.5066986083984,48.551609039306605,48.5744705200195,48.604518890380895,48.6156692504883,48.663368225097706,48.681758880615206
UIS.GTVP.23.GPV,Europe & Central Asia,ECS,"Percentage of students in secondary education enrolled in general programmes, both sexes (%)",79.4510803222656,79.18389892578129,79.3183364868164,79.23951721191409,78.7400665283203,78.6358413696289,78.6791763305664,77.0783233642578,77.17230224609379
SE.SEC.ENRL.VO.ZS,Europe & Central Asia,ECS,"Percentage of students in secondary education enrolled in vocational programmes, both sexes (%)",20.5489196777344,20.8160991668701,20.681659698486303,20.7604808807373,21.259929656982397,21.3641605377197,21.320819854736303,22.9216804504395,22.827699661254897
SE.SEC.ENRL.FE.ZS,Europe & Central Asia,ECS,Percentage of students in secondary education who are female (%),48.3398513793945,48.3442192077637,48.3738288879395,48.3862190246582,48.294189453125,48.2233810424805,48.2887992858887,48.5366287231445,48.525360107421896
SE.SEC.ENRL.GC.FE.ZS,Europe & Central Asia,ECS,Percentage of students in secondary general education who are female (%),49.9754791259766,50.0066604614258,50.0139312744141,50.059421539306605,49.9699592590332,49.9241409301758,49.9524116516113,49.9478607177734,49.9285011291504
SE.SEC.ENRL.VO.FE.ZS,Europe & Central Asia,ECS,Percentage of students in secondary vocational education who are female (%),42.0157585144043,42.020320892334,42.083709716796896,41.9998817443848,42.0876808166504,41.963310241699205,42.1496810913086,43.791099548339794,43.7818412780762
SE.TER.ENRL.FE.ZS,Europe & Central Asia,ECS,Percentage of students in tertiary education who are female (%),54.243560791015604,54.2589988708496,54.3317718505859,54.2363700866699,54.0289993286133,53.8113212585449,53.273319244384794,52.9284782409668,52.6610107421875
UIS.FEP.5.B,Europe & Central Asia,ECS,Percentage of students in tertiary ISCED 5 programmes who are female (%),53.4762382507324,53.1298294067383,52.8647117614746,52.9152603149414,52.506099700927706,52.3048286437988,51.367801666259794,50.1122894287109,49.775508880615206
UIS.FEP.6,Europe & Central Asia,ECS,Percentage of students in tertiary ISCED 6 programmes who are female (%),,,,,,,52.4628410339355,52.2169609069824,52.134159088134794
UIS.FEP.7,Europe & Central Asia,ECS,Percentage of students in tertiary ISCED 7 programmes who are female (%),,,,,,,56.4835090637207,56.4518699645996,56.1218605041504
UIS.FEP.8,Europe & Central Asia,ECS,Percentage of students in tertiary ISCED 8 programmes who are female (%),45.410739898681605,45.518741607665994,45.8931007385254,46.536251068115206,46.709869384765604,47.1302604675293,46.837131500244105,46.750370025634794,46.9751586914063
UIS.GTVP.3.GPV,Europe & Central Asia,ECS,"Percentage of students in upper secondary education enrolled in general programmes, both sexes (%)",52.8650703430176,52.7907485961914,53.0810699462891,53.2014389038086,52.4835090637207,52.60820007324221,52.7982597351074,52.0391311645508,52.1469612121582
UIS.GTVP.3.V,Europe & Central Asia,ECS,"Percentage of students in upper secondary education enrolled in vocational programmes, both sexes (%)",47.1349296569824,47.2092514038086,46.9189300537109,46.7985610961914,47.5164909362793,47.39179992675779,47.2017402648926,47.9608688354492,47.8530387878418
UIS.FEP.3,Europe & Central Asia,ECS,Percentage of students in upper secondary education who are female (%),48.2322807312012,48.2312202453613,48.298309326171896,48.2818183898926,48.1076812744141,47.9213981628418,48.0842781066895,48.479061126709006,48.457149505615206
UIS.FEP.3.GPV,Europe & Central Asia,ECS,Percentage of students in upper secondary general education who are female (%),53.74211120605471,53.7505683898926,53.75434875488279,53.785709381103494,53.5369987487793,53.295860290527294,53.3948287963867,52.83576965332029,52.7469291687012
UIS.FEP.3.V,Europe & Central Asia,ECS,Percentage of students in upper secondary vocational education who are female (%),42.0526084899902,42.059318542480504,42.1256904602051,42.0248985290527,42.1108283996582,41.9553718566895,42.144081115722706,43.751888275146506,43.782440185546896
UIS.FTP.2,Europe & Central Asia,ECS,Percentage of teachers in lower secondary education who are female (%),67.1922607421875,67.4277267456055,67.4869232177734,67.5814971923828,67.7210006713867,67.81915283203129,67.9800186157227,67.7620468139648,67.8959121704102
SE.PRE.TCHR.FE.ZS,Europe & Central Asia,ECS,Percentage of teachers in pre-primary education who are female (%),96.33814239501949,96.36121368408199,96.39663696289058,96.3285064697266,96.4882278442383,96.43521118164058,96.4928131103516,96.4361801147461,96.4145965576172
SE.PRM.TCHR.FE.ZS,Europe & Central Asia,ECS,Percentage of teachers in primary education who are female (%),82.4098892211914,82.4303512573242,82.6989974975586,82.8667373657227,83.4883804321289,83.5715103149414,83.82489013671879,84.5764465332031,84.7414093017578
SE.SEC.TCHR.FE.ZS,Europe & Central Asia,ECS,Percentage of teachers in secondary education who are female (%),66.3505783081055,66.7761611938477,66.698127746582,66.9412994384766,66.9087371826172,66.77414703369139,66.9755096435547,66.7564163208008,66.9482498168945
SE.TER.TCHR.FE.ZS,Europe & Central Asia,ECS,Percentage of teachers in tertiary education who are female (%),44.661869049072294,44.9845581054688,44.902870178222706,45.1298294067383,45.388248443603494,45.5926094055176,45.7485008239746,45.814571380615206,45.804958343505895
UIS.FTP.3,Europe & Central Asia,ECS,Percentage of teachers in upper secondary education who are female (%),65.2788772583008,65.9495697021484,65.6804962158203,66.112060546875,65.8612594604492,65.4204788208008,65.6911087036133,65.5178298950195,65.75747680664061
IT.CMP.PCMP.P2,Europe & Central Asia,ECS,Personal computers (per 100 people),34.3305333338323,,,,,,,,
SP.POP.GROW,Europe & Central Asia,ECS,Population growth (annual %),0.307290814156232,0.35674714705911,0.398401763058814,0.411113099195219,0.38669378078731104,0.23382509237701798,0.400822038536404,0.468156928734317,0.471661665899646
SP.SEC.LTOT.IN,Europe & Central Asia,ECS,"Population of the official age for lower secondary education, both sexes (number)",47549788.0,46177656.0,44959272.0,43834400.0,42781060.0,41800720.0,40940668.0,41246204.0,40927052.0
SP.SEC.LTOT.FE.IN,Europe & Central Asia,ECS,"Population of the official age for lower secondary education, female (number)",23214594.0,22539788.0,21934120.0,21377778.0,20859616.0,20376824.0,19958420.0,20110080.0,19952340.0
SP.SEC.LTOT.MA.IN,Europe & Central Asia,ECS,"Population of the official age for lower secondary education, male (number)",24335192.0,23637868.0,23025148.0,22456620.0,21921444.0,21423894.0,20982248.0,21136124.0,20974712.0
UIS.SAP.4,Europe & Central Asia,ECS,"Population of the official age for post-secondary non-tertiary education, both sexes (number)",16105988.0,16042461.0,15535121.0,15169687.0,13654867.0,13154393.0,12603927.0,11677032.0,11319494.0
UIS.SAP.4.F,Europe & Central Asia,ECS,"Population of the official age for post-secondary non-tertiary education, female (number)",7891335.5,7865160.5,7615006.0,7433263.0,6685465.0,6432611.0,6158459.0,5704218.0,5528223.0
UIS.SAP.4.M,Europe & Central Asia,ECS,"Population of the official age for post-secondary non-tertiary education, male (number)",8214652.5,8177300.5,7920115.0,7736424.0,6969402.0,6721782.0,6445468.0,5972814.0,5791271.0
SP.PRE.TOTL.IN,Europe & Central Asia,ECS,"Population of the official age for pre-primary education, both sexes (number)",31787192.0,31857188.0,32067090.0,32415344.0,32776390.0,33274324.0,33980204.0,33452404.0,34115908.0
SP.PRE.TOTL.FE.IN,Europe & Central Asia,ECS,"Population of the official age for pre-primary education, female (number)",15494651.0,15521717.0,15619192.0,15784668.0,15960874.0,16205374.0,16550376.0,16293011.0,16613826.0
SP.PRE.TOTL.MA.IN,Europe & Central Asia,ECS,"Population of the official age for pre-primary education, male (number)",16292540.0,16335472.0,16447898.0,16630675.0,16815516.0,17068950.0,17429828.0,17159392.0,17502084.0
SP.PRM.TOTL.IN,Europe & Central Asia,ECS,"Population of the official age for primary education, both sexes (number)",49196768.0,48497408.0,47894436.0,47524048.0,47385436.0,47495392.0,47715904.0,47149720.0,47786228.0
SP.PRM.TOTL.FE.IN,Europe & Central Asia,ECS,"Population of the official age for primary education, female (number)",24001040.0,23652444.0,23354704.0,23168720.0,23095518.0,23141632.0,23251852.0,22976402.0,23289236.0
SP.PRM.TOTL.MA.IN,Europe & Central Asia,ECS,"Population of the official age for primary education, male (number)",25195728.0,24844962.0,24539732.0,24355330.0,24289920.0,24353760.0,24464052.0,24173318.0,24496992.0
SP.SEC.TOTL.IN,Europe & Central Asia,ECS,"Population of the official age for secondary education, both sexes (number)",84141720.0,82119504.0,80211776.0,79542152.0,77721872.0,76036096.0,74553128.0,74726272.0,73745552.0
SP.SEC.TOTL.FE.IN,Europe & Central Asia,ECS,"Population of the official age for secondary education, female (number)",41127352.0,40133888.0,39186004.0,38850460.0,37944336.0,37103124.0,36378464.0,36464964.0,35980376.0
SP.SEC.TOTL.MA.IN,Europe & Central Asia,ECS,"Population of the official age for secondary education, male (number)",43014368.0,41985620.0,41025772.0,40691692.0,39777540.0,38932972.0,38174668.0,38261312.0,37765180.0
SP.TER.TOTL.IN,Europe & Central Asia,ECS,"Population of the official age for tertiary education, both sexes (number)",65087564.0,65209984.0,65098584.0,64662404.0,63839908.0,62602388.0,61026108.0,59402204.0,57917924.0
SP.TER.TOTL.FE.IN,Europe & Central Asia,ECS,"Population of the official age for tertiary education, female (number)",31979260.0,32050060.0,31995544.0,31778052.0,31361024.0,30732724.0,29952324.0,29144384.0,28408990.0
SP.TER.TOTL.MA.IN,Europe & Central Asia,ECS,"Population of the official age for tertiary education, male (number)",33108304.0,33159924.0,33103040.0,32884352.0,32478884.0,31869664.0,31073782.0,30257818.0,29508936.0
SP.PRM.GRAD.TO,Europe & Central Asia,ECS,"Population of the official age for the last grade of primary education, both sexes (number)",10628108.0,10412756.0,10201412.0,10011162.0,9870347.0,9792406.0,9772500.0,9784935.0,9833649.0
SP.PRM.GRAD.FE,Europe & Central Asia,ECS,"Population of the official age for the last grade of primary education, female (number)",5183425.0,5078889.0,4975898.0,4882031.0,4811739.0,4772085.0,4762536.0,4768856.0,4793319.0
SP.PRM.GRAD.MA,Europe & Central Asia,ECS,"Population of the official age for the last grade of primary education, male (number)",5444683.0,5333867.0,5225514.0,5129131.0,5058608.0,5020321.0,5009964.0,5016079.0,5040330.0
SP.SEC.UTOT.IN,Europe & Central Asia,ECS,"Population of the official age for upper secondary education, both sexes (number)",36591932.0,35941848.0,35252504.0,35707752.0,34940812.0,34235376.0,33612464.0,33480072.0,32818504.0
SP.SEC.UTOT.FE.IN,Europe & Central Asia,ECS,"Population of the official age for upper secondary education, female (number)",17912760.0,17594100.0,17251884.0,17472682.0,17084716.0,16726299.0,16420043.0,16354884.0,16028035.0
SP.SEC.UTOT.MA.IN,Europe & Central Asia,ECS,"Population of the official age for upper secondary education, male (number)",18679172.0,18347752.0,18000622.0,18235072.0,17856096.0,17509080.0,17192420.0,17125188.0,16790468.0
UIS.SAP.1.G1,Europe & Central Asia,ECS,"Population of the official entrance age to primary education, both sexes (number)",9964729.0,9845219.0,9788561.0,9791828.0,9837129.0,9891235.0,10021789.0,10199397.0,10400909.0
UIS.SAP.1.G1.F,Europe & Central Asia,ECS,"Population of the official entrance age to primary education, female (number)",4861219.0,4798798.0,4770137.0,4770767.0,4791692.0,4817505.0,4882096.0,4969802.0,5068059.0
UIS.SAP.1.G1.M,Europe & Central Asia,ECS,"Population of the official entrance age to primary education, male (number)",5103510.0,5046421.0,5018424.0,5021061.0,5045437.0,5073730.0,5139693.0,5229595.0,5332850.0
UIS.SAP.23.GPV.G1,Europe & Central Asia,ECS,"Population of the official entrance age to secondary general education, both sexes (number)",10957579.0,10765326.0,10525641.0,10295048.0,10092256.0,9951121.0,9905031.0,9893618.0,
UIS.SAP.23.GPV.G1.F,Europe & Central Asia,ECS,"Population of the official entrance age to secondary general education, female (number)",5352894.0,5255795.0,5137318.0,5024739.0,4924591.0,4853437.0,4828770.0,4820873.5,
UIS.SAP.23.GPV.G1.M,Europe & Central Asia,ECS,"Population of the official entrance age to secondary general education, male (number)",5604685.0,5509531.0,5388323.0,5270309.0,5167665.0,5097684.0,5076261.0,5072744.5,
SP.POP.0014.TO.ZS,Europe & Central Asia,ECS,"Population, ages 0-14 (% of total)",17.8390994303944,17.6734216617072,17.554754089852,17.4756145611319,17.430169199754,17.466692085123597,17.5100553723331,17.571540342370803,17.6484211203834
SP.POP.0014.FE.IN,Europe & Central Asia,ECS,"Population, ages 0-14, female",75942037.0,75490670.0,75271771.0,75228171.0,75303771.0,75630730.0,76109382.0,76716271.0,77398688.0
SP.POP.0014.MA.IN,Europe & Central Asia,ECS,"Population, ages 0-14, male",79833428.0,79386274.0,79176331.0,79154647.0,79272747.0,79628353.0,80157339.0,80832037.0,81588361.0
SP.POP.0014.TO,Europe & Central Asia,ECS,"Population, ages 0-14, total",155776227.0,154878250.0,154449666.0,154384054.0,154576524.0,155260605.0,156268893.0,157550306.0,158988263.0
SP.POP.1564.TO.ZS,Europe & Central Asia,ECS,"Population, ages 15-64 (% of total)",67.675716368076,67.7974110018575,67.9005282978478,67.9456231185425,67.9097393899999,67.740309824849,67.51940583306241,67.2531355873211,66.9577684886375
SP.POP.1564.FE.IN,Europe & Central Asia,ECS,"Population, ages 15-64, female",298461939.0,300156827.0,301907393.0,303419070.0,304443145.0,304461659.0,304703460.0,304888554.0,304892832.0
SP.POP.1564.MA.IN,Europe & Central Asia,ECS,"Population, ages 15-64, male",292500779.0,293972788.0,295490190.0,296828033.0,297802934.0,297676238.0,297871465.0,298114659.0,298303690.0
SP.POP.1564.TO,Europe & Central Asia,ECS,"Population, ages 15-64, total",590964130.0,594131935.0,597400221.0,600249036.0,602246094.0,602140423.0,602578483.0,603006435.0,603198409.0
SP.POP.TOTL.FE.IN,Europe & Central Asia,ECS,"Population, female",450780755.0,452362839.0,454136481.0,455964029.0,457660132.0,458645174.0,460378437.0,462408162.0,464453905.0
SP.POP.TOTL.FE.ZS,Europe & Central Asia,ECS,"Population, female (% of total)",51.622271145366405,51.619897132726,51.6171675437233,51.6131775754439,51.6061135088836,51.597210736344095,51.585775815271305,51.5722498560686,51.55649725177871
SP.POP.TOTL.MA.IN,Europe & Central Asia,ECS,"Population, male",422448464.0,423971416.0,425680267.0,427461584.0,429173037.0,430250112.0,432073854.0,434213881.0,436410059.0
SP.POP.TOTL.MA.ZS,Europe & Central Asia,ECS,"Population, male (% of total)",48.377728854633595,48.380102867274,48.382832456276596,48.3868224245561,48.3938864911164,48.402789263656,48.414224184728695,48.4277501439314,48.44350274822129
SP.POP.TOTL,Europe & Central Asia,ECS,"Population, total",875343230.0,878465992.0,881965816.0,885591693.0,889016221.0,891094964.0,894666669.0,898855113.0,903094668.0
SE.PRM.CMPT.ZS,Europe & Central Asia,ECS,"Primary completion rate, both sexes (%)",96.9864654541016,96.81158447265629,97.2363128662109,97.8471221923828,98.32958984375,98.8941497802734,98.3078460693359,98.8699417114258,99.1381988525391
SE.PRM.CMPT.FE.ZS,Europe & Central Asia,ECS,"Primary completion rate, female (%)",96.8089065551758,96.6920166015625,97.18673706054692,97.90283966064449,98.4520950317383,99.0215682983398,98.41956329345699,98.96204376220699,99.2844085693359
UIS.AIR.1.GLAST.GPI,Europe & Central Asia,ECS,"Primary completion rate, gender parity index (GPI)",0.9964100122451779,0.997579991817474,0.9989799857139591,1.00109004974365,1.0023699998855602,1.00249004364014,1.00216996669769,1.0017600059509302,1.0028300285339398
SE.PRM.CMPT.MA.ZS,Europe & Central Asia,ECS,"Primary completion rate, male (%)",97.1572799682617,96.9266815185547,97.2859878540039,97.79611206054692,98.2195587158203,98.77542114257808,98.2059707641602,98.7876968383789,99.0040740966797
UIS.PTRHC.2,Europe & Central Asia,ECS,Pupil-teacher ratio in lower secondary education (headcount basis),11.831600189209,11.585419654846199,11.467490196228,11.406029701232901,11.447380065917999,11.3348999023438,11.369039535522498,11.5749998092651,11.6056003570557
SE.PRE.ENRL.TC.ZS,Europe & Central Asia,ECS,Pupil-teacher ratio in pre-primary education (headcount basis),12.0182399749756,11.9412899017334,11.8348903656006,11.8015804290771,11.7686195373535,11.8400201797485,11.7817096710205,11.6004104614258,11.587059974670401
SE.PRM.ENRL.TC.ZS,Europe & Central Asia,ECS,Pupil-teacher ratio in primary education (headcount basis),15.385749816894501,15.0467796325684,14.9308204650879,14.8075103759766,14.706040382385302,14.633159637451199,14.7914600372314,14.8201904296875,14.9151000976563
SE.SEC.ENRL.TC.ZS,Europe & Central Asia,ECS,Pupil-teacher ratio in secondary education (headcount basis),11.5247898101807,11.3587303161621,11.313690185546902,11.2954702377319,11.3873796463013,11.352640151977502,11.3446598052979,11.748669624328599,11.8495197296143
UIS.PTRHC.3,Europe & Central Asia,ECS,Pupil-teacher ratio in upper secondary education (headcount basis),11.1341199874878,11.0711498260498,11.1152801513672,11.152259826660199,11.3100004196167,11.3756103515625,11.313480377197301,11.9625701904297,12.156020164489698
UIS.ROFST.2,Europe & Central Asia,ECS,"Rate of out-of-school adolescents of lower secondary school age, both sexes (%)",5.20565986633301,5.41420984268188,5.3460397720336905,4.7583498954772905,4.31612014770508,4.00323009490967,3.80433988571167,3.37541007995605,3.1870501041412402
UIS.ROFST.2.F,Europe & Central Asia,ECS,"Rate of out-of-school adolescents of lower secondary school age, female (%)",5.19700002670288,5.44484996795654,5.45377016067505,4.8993201255798295,4.4219799041748,4.12079000473022,3.88477993011475,3.48669004440308,3.3110799789428698
UIS.ROFST.2.M,Europe & Central Asia,ECS,"Rate of out-of-school adolescents of lower secondary school age, male (%)",5.21391010284424,5.38499021530151,5.2434201240539595,4.6241598129272505,4.2153902053833,3.89142990112305,3.7278299331665,3.2695400714874303,3.0690701007843
UIS.ROFST.1,Europe & Central Asia,ECS,"Rate of out-of-school children of primary school age, both sexes (%)",3.16724991798401,3.1370201110839804,2.86988997459412,3.0191099643707298,2.7252800464630096,2.67081999778748,2.7503499984741198,2.6937499046325697,2.9779100418090803
UIS.ROFST.1.F,Europe & Central Asia,ECS,"Rate of out-of-school children of primary school age, female (%)",3.3937199115753196,3.26664996147156,3.02583003044128,3.0929598808288596,2.76722002029419,2.69369006156921,2.74813008308411,2.7089900970458998,2.9675099849700897
UIS.ROFST.1.M,Europe & Central Asia,ECS,"Rate of out-of-school children of primary school age, male (%)",2.95150995254517,3.01360988616943,2.72147011756897,2.9488599300384504,2.68538999557495,2.64910006523132,2.75244998931885,2.67928004264832,2.9877901077270494
UIS.ROFST.3.CP,Europe & Central Asia,ECS,"Rate of out-of-school youth of upper secondary school age, both sexes (%)",16.3114395141602,15.7941799163818,14.871580123901401,15.117799758911099,13.7698001861572,13.2228899002075,13.890009880065902,11.4843101501465,11.066419601440401
UIS.ROFST.3.F.CP,Europe & Central Asia,ECS,"Rate of out-of-school youth of upper secondary school age, female (%)",15.5998096466064,15.1238498687744,14.2304401397705,14.525520324707001,13.704010009765598,13.3661603927612,13.8578195571899,11.3528900146484,11.005169868469201
UIS.ROFST.3.M.CP,Europe & Central Asia,ECS,"Rate of out-of-school youth of upper secondary school age, male (%)",16.9938697814941,16.4369697570801,15.486060142517099,15.685330390930199,13.832759857177699,13.0860204696655,13.9207401275635,11.609820365905799,11.124890327453599
UIS.R.2.GPV,Europe & Central Asia,ECS,"Repeaters in lower secondary general education, all grades, both sexes (number)",1076524.25,1050430.25,1025610.1875,981890.8125,926880.9375,908169.375,869164.5625,823942.6875,766673.75
UIS.R.2.GPV.F,Europe & Central Asia,ECS,"Repeaters in lower secondary general education, all grades, female (number)",468862.5625,451853.5,439446.0625,423555.0625,393580.375,389564.53125,375241.46875,355622.09375,328463.90625
UIS.R.1,Europe & Central Asia,ECS,"Repeaters in primary education, all grades, both sexes (number)",713165.0,675002.125,689952.3125,631542.0,613424.8125,657021.8125,636076.9375,611214.3125,605491.375
UIS.R.1.F,Europe & Central Asia,ECS,"Repeaters in primary education, all grades, female (number)",470166.75,452412.09375,459177.25,433644.84375,426493.75,449283.40625,441220.40625,422445.9375,418509.78125
UIS.SLE.0,Europe & Central Asia,ECS,"School life expectancy, pre-primary, both sexes (years)",2.2146942615509,2.2548706531524703,2.3141324520111097,2.34336972236633,2.3748347759246804,2.40689611434937,2.42609691619873,2.41056752204895,2.44475269317627
UIS.SLE.0.F,Europe & Central Asia,ECS,"School life expectancy, pre-primary, female (years)",2.20162796974182,2.24377727508545,2.3051197528839102,2.33315920829773,2.36498475074768,2.3953583240509,2.4149761199951203,2.3955066204071,2.43266844749451
UIS.SLE.0.GPI,Europe & Central Asia,ECS,"School life expectancy, pre-primary, gender parity index (GPI)",0.988860011100769,0.990450024604797,0.992429971694946,0.991530001163483,0.991959989070892,0.9906799793243409,0.9910899996757511,0.98785001039505,0.990339994430542
UIS.SLE.0.M,Europe & Central Asia,ECS,"School life expectancy, pre-primary, male (years)",2.22642850875854,2.26541543006897,2.32271265983582,2.35309863090515,2.38416194915771,2.4178814888000497,2.43669867515564,2.42496776580811,2.45639514923096
UIS.SLEN.12.T,Europe & Central Asia,ECS,"School life expectancy, primary and lower secondary (excluding repetition), both sexes (years)",8.71196460723877,8.72609806060791,8.766980171203612,8.79766845703125,8.86852073669434,8.89483261108398,8.90319728851318,9.01054096221924,9.01813983917236
UIS.SLEN.12.F,Europe & Central Asia,ECS,"School life expectancy, primary and lower secondary (excluding repetition), female (years)",8.67342853546143,8.694028854370119,8.74242496490479,8.78216552734375,8.854490280151369,8.88281154632568,8.89040565490723,9.01188373565674,9.02189922332764
UIS.SLEN.12.GPI,Europe & Central Asia,ECS,"School life expectancy, primary and lower secondary (excluding repetition), gender parity index (GPI)",0.991029977798462,0.992519974708557,0.994379997253418,0.995959997177124,0.996640026569366,0.9972800016403199,0.9971100091934201,1.00027000904083,1.0007499456405602
UIS.SLEN.12.M,Europe & Central Asia,ECS,"School life expectancy, primary and lower secondary (excluding repetition), male (years)",8.751926422119139,8.75952625274658,8.79187679290771,8.81781768798828,8.88431167602539,8.90707874298096,8.91619777679443,9.00949287414551,9.01516056060791
UIS.SLE.12,Europe & Central Asia,ECS,"School life expectancy, primary and lower secondary, both sexes (years)",8.88354969024658,8.89380168914795,8.93578147888184,8.957478523254391,9.02142906188965,9.049872398376461,9.05117988586426,9.14855861663818,9.148478507995609
UIS.SLE.12.F,Europe & Central Asia,ECS,"School life expectancy, primary and lower secondary, female (years)",8.817423820495609,8.83317756652832,8.87883472442627,8.91411399841309,8.97870254516602,9.0144681930542,9.016130447387699,9.1271505355835,9.12930107116699
UIS.SLE.12.M,Europe & Central Asia,ECS,"School life expectancy, primary and lower secondary, male (years)",8.9496545791626,8.95432186126709,8.99135684967041,9.00362014770508,9.06269836425781,9.08397197723389,9.08493804931641,9.16864395141602,9.16672515869141
UIS.SLE.123,Europe & Central Asia,ECS,"School life expectancy, primary and secondary, both sexes (years)",11.728650093078599,11.7717990875244,11.786555290222198,11.7820043563843,11.911911964416499,11.967379570007301,11.9790620803833,12.4533338546753,12.474998474121099
UIS.SLE.123.F,Europe & Central Asia,ECS,"School life expectancy, primary and secondary, female (years)",11.615264892578098,11.6663217544556,11.6930341720581,11.6995363235474,11.823506355285598,11.8766822814941,11.900044441223098,12.4063358306885,12.4298839569092
UIS.SLE.123.GPI,Europe & Central Asia,ECS,"School life expectancy, primary and secondary, gender parity index (GPI)",0.981169998645782,0.9825500249862671,0.9845600128173829,0.986389994621277,0.9855800271034241,0.9852799773216251,0.98717999458313,0.9925900101661679,0.9928600192070011
UIS.SLE.123.M,Europe & Central Asia,ECS,"School life expectancy, primary and secondary, male (years)",11.838191032409698,11.873478889465302,11.8764190673828,11.860931396484402,11.9964380264282,12.054114341735803,12.0546417236328,12.498973846435499,12.5192184448242
SE.SCH.LIFE,Europe & Central Asia,ECS,"School life expectancy, primary to tertiary, both sexes (years)",14.548935890197802,14.633254051208501,14.690049171447802,14.7699136734009,15.0104379653931,15.151360511779801,15.2267351150513,15.792848587036099,15.8418188095093
SE.SCH.LIFE.FE,Europe & Central Asia,ECS,"School life expectancy, primary to tertiary, female (years)",14.674568176269501,14.7769994735718,14.8577423095703,14.9579267501831,15.1951169967651,15.3361597061157,15.404092788696301,15.992680549621598,16.036748886108402
UIS.SLE.1T6.GPI,Europe & Central Asia,ECS,"School life expectancy, primary to tertiary, gender parity index (GPI)",1.0171799659729002,1.01954996585846,1.02271997928619,1.0253700017929102,1.0244499444961501,1.0242099761962902,1.0231000185012802,1.0253399610519398,1.02428996562958
SE.SCH.LIFE.MA,Europe & Central Asia,ECS,"School life expectancy, primary to tertiary, male (years)",14.426769256591802,14.4936981201172,14.5276851654053,14.587806701660199,14.832399368286099,14.9735975265503,15.0562200546265,15.5973873138428,15.6564159393311
UIS.SLE.1,Europe & Central Asia,ECS,"School life expectancy, primary, both sexes (years)",4.88856554031372,4.9062619209289595,4.9282951354980495,4.91780471801758,4.9308819770813,4.93759441375732,4.92694282531738,4.85718059539795,4.8373742103576705
UIS.SLE.1.F,Europe & Central Asia,ECS,"School life expectancy, primary, female (years)",4.8603777885437,4.880841732025151,4.903870582580571,4.89925622940063,4.91566944122314,4.92627763748169,4.91613531112671,4.8495779037475595,4.83133745193481
UIS.SLE.1.M,Europe & Central Asia,ECS,"School life expectancy, primary, male (years)",4.9155378341674805,4.93054389953613,4.95159864425659,4.93542861938477,4.94527387619019,4.94831848144531,4.93723011016846,4.86444854736328,4.8432126045227095
UIS.SLE.56,Europe & Central Asia,ECS,"School life expectancy, tertiary, both sexes (years)",2.7866628170013397,2.82140159606934,2.84986519813538,2.90077447891235,2.9758112430572496,3.03262186050415,3.07769083976746,3.13306665420532,3.15877056121826
UIS.SLE.56.F,Europe & Central Asia,ECS,"School life expectancy, tertiary, female (years)",3.06496262550354,3.10463190078735,3.13998889923096,3.1909317970275897,3.26144886016846,3.3116774559021,3.32832503318787,3.35598754882813,3.37087941169739
UIS.SLE.56.GPI,Europe & Central Asia,ECS,"School life expectancy, tertiary, gender parity index (GPI)",1.21784996986389,1.21905994415283,1.22239005565643,1.2178100347518899,1.2077399492263798,1.1980600357055702,1.17314004898071,1.15111005306244,1.1402299404144298
UIS.SLE.56.M,Europe & Central Asia,ECS,"School life expectancy, tertiary, male (years)",2.51670670509338,2.5467374324798597,2.5687313079833998,2.62022256851196,2.7004644870758097,2.76420831680298,2.83710336685181,2.9154479503631605,2.9563090801239
SE.PRM.PRSL.ZS,Europe & Central Asia,ECS,"Survival rate to the last grade of primary education, both sexes (%)",96.39895629882808,95.72107696533199,95.62915802001949,96.7138214111328,96.1148834228516,95.4527435302734,95.3684310913086,95.33685302734379,
SE.PRM.PRSL.FE.ZS,Europe & Central Asia,ECS,"Survival rate to the last grade of primary education, female (%)",97.0786285400391,96.46414184570308,96.39208221435551,97.4126434326172,96.62281036376949,95.8811798095703,95.72850799560551,95.8345565795898,
UIS.SR.1.GLAST.GPI,Europe & Central Asia,ECS,"Survival rate to the last grade of primary education, gender parity index (GPI)",1.01375997066498,1.01515996456146,1.01560997962952,1.01414000988007,1.01032996177673,1.00874996185303,1.00736999511719,1.0102000236511202,
SE.PRM.PRSL.MA.ZS,Europe & Central Asia,ECS,"Survival rate to the last grade of primary education, male (%)",95.760498046875,95.0235977172852,94.91055297851558,96.0541610717773,95.6347885131836,95.0495376586914,95.0282363891602,94.8666000366211,
UIS.T.2,Europe & Central Asia,ECS,"Teachers in lower secondary education, both sexes (number)",3909044.25,3887818.5,3854466.5,3816951.5,3761924.5,3724178.25,3648077.0,3698199.5,3672200.5
UIS.T.2.F,Europe & Central Asia,ECS,"Teachers in lower secondary education, female (number)",2626575.0,2621467.5,2601260.75,2579553.0,2547612.75,2525706.25,2479963.5,2505975.75,2493273.75
SE.PRE.TCHR,Europe & Central Asia,ECS,"Teachers in pre-primary education, both sexes (number)",1793788.0,1838220.375,1911120.375,1959194.0,2019438.0,2074124.125,2149787.75,2122174.5,2195713.25
SE.PRE.TCHR.FE,Europe & Central Asia,ECS,"Teachers in pre-primary education, female (number)",1728102.0,1771331.25,1842255.875,1887262.375,1948519.875,2000185.875,2074390.625,2046544.0,2116988.25
SE.PRM.TCHR,Europe & Central Asia,ECS,"Teachers in primary education, both sexes (number)",3254363.75,3289846.75,3287752.75,3281468.0,3300973.5,3327067.5,3300211.5,3297691.5,3308773.75
SE.PRM.TCHR.FE,Europe & Central Asia,ECS,"Teachers in primary education, female (number)",2681917.25,2711832.25,2718938.75,2719245.5,2755929.25,2780480.5,2766398.75,2789070.5,2803901.75
SE.SEC.TCHR,Europe & Central Asia,ECS,"Teachers in secondary education, both sexes (number)",6979053.5,6952379.0,6842151.0,6763715.5,6679073.5,6599155.0,6501157.5,6700810.5,6594645.0
SE.SEC.TCHR.FE,Europe & Central Asia,ECS,"Teachers in secondary education, female (number)",4630642.5,4642532.0,4563586.5,4527719.5,4468884.0,4406529.5,4354183.5,4473221.5,4414999.5
SE.TER.TCHR,Europe & Central Asia,ECS,"Teachers in tertiary education programmes, both sexes (number)",2599365.5,2630300.0,2680379.5,2687307.75,2695915.75,2674932.0,2633510.25,2601102.0,2553312.0
SE.TER.TCHR.FE,Europe & Central Asia,ECS,"Teachers in tertiary education programmes, female (number)",1160925.25,1183229.0,1203567.375,1212777.5,1223629.0,1219571.5,1204791.5,1191683.75,1169543.5
UIS.T.3,Europe & Central Asia,ECS,"Teachers in upper secondary education, both sexes (number)",3070009.25,3064560.5,2987684.25,2946763.75,2917149.0,2874976.5,2853080.25,3002611.25,2922444.5
UIS.T.3.F,Europe & Central Asia,ECS,"Teachers in upper secondary education, female (number)",2004067.625,2021064.375,1962325.875,1948166.25,1921271.125,1880823.375,1874220.125,1967245.625,1921726.0
UIS.MS.56.T,Europe & Central Asia,ECS,"Total inbound internationally mobile students, both sexes (number)",1397257.875,1449102.0,1543428.875,1595944.875,1700627.5,1815681.0,1847370.0,1879283.75,1968442.0
UIS.MS.56.F,Europe & Central Asia,ECS,"Total inbound internationally mobile students, female (number)",689462.25,720654.375,758800.0625,779211.875,838536.625,892645.5,916403.9375,935218.0625,980370.4375
UIS.NERT.2,Europe & Central Asia,ECS,"Total net enrolment rate, lower secondary, both sexes (%)",94.79434204101558,94.5857925415039,94.65396118164058,95.2416534423828,95.6838836669922,95.9967727661133,96.1956634521484,96.6245880126953,96.8129501342773
UIS.NERT.2.F,Europe & Central Asia,ECS,"Total net enrolment rate, lower secondary, female (%)",94.8030014038086,94.5551528930664,94.5462265014648,95.10067749023442,95.5780181884766,95.87921142578129,96.1152191162109,96.51331329345699,96.6889190673828
UIS.NERT.2.GPI,Europe & Central Asia,ECS,"Total net enrolment rate, lower secondary, gender parity index (GPI)",1.0001800060272201,0.9993699789047241,0.9977800250053409,0.997120022773743,0.997839987277985,0.9976099729537959,0.9983699917793271,0.9977599978446959,0.9975000023841859
UIS.NERT.2.M,Europe & Central Asia,ECS,"Total net enrolment rate, lower secondary, male (%)",94.7860870361328,94.6150131225586,94.7565765380859,95.3758392333984,95.78460693359379,96.1085662841797,96.2721710205078,96.73046112060551,96.9309310913086
UIS.NERT.1.GPI,Europe & Central Asia,ECS,"Total net enrolment rate, primary, gender parity index (GPI)",0.997600018978119,0.9984599947929379,0.998749971389771,0.9982600212097171,0.9993199706077579,1.0,1.00180995464325,1.0018999576568601,
UIS.OE.56.40510,Europe & Central Asia,ECS,"Total outbound internationally mobile tertiary students studying abroad, all countries, both sexes (number)",775751.0,815202.0,861708.0,905623.0,975589.0,1039669.0,1065715.0,1085523.0,
SL.UEM.TOTL.FE.ZS,Europe & Central Asia,ECS,"Unemployment, female (% of female labor force)",8.457872997334519,7.47738323692513,7.306575262102821,8.6886721273837,8.86873349147389,8.7781430979872,9.005029808128329,9.21662347166742,8.905666426861039
SL.UEM.TOTL.MA.ZS,Europe & Central Asia,ECS,"Unemployment, male (% of male labor force)",7.88408863346974,7.07860415936228,7.09907435562971,9.27322897936908,9.2819549192584,8.90048971606958,9.120069790949731,9.3515318340435,9.08448756788525
SL.UEM.TOTL.ZS,Europe & Central Asia,ECS,"Unemployment, total (% of total labor force)",8.14396396914747,7.2807674835526,7.18411343101157,9.00244818631989,9.08871128275678,8.85047178788514,9.07300015320666,9.2915561843648,9.014396352652732
UIS.LPP.AG15T24,Europe & Central Asia,ECS,"Youth illiterate population, 15-24 years, % female",54.5999984741211,54.5999984741211,54.5999984741211,54.5999984741211,54.5999984741211,54.5999984741211,54.5999984741211,54.5999984741211,54.5999984741211
UIS.LP.AG15T24,Europe & Central Asia,ECS,"Youth illiterate population, 15-24 years, both sexes (number)",341843.0,341843.0,341843.0,341843.0,341843.0,341843.0,341843.0,341843.0,341843.0
UIS.LP.AG15T24.F,Europe & Central Asia,ECS,"Youth illiterate population, 15-24 years, female (number)",186660.0,186660.0,186660.0,186660.0,186660.0,186660.0,186660.0,186660.0,186660.0
UIS.LP.AG15T24.M,Europe & Central Asia,ECS,"Youth illiterate population, 15-24 years, male (number)",155183.0,155183.0,155183.0,155183.0,155183.0,155183.0,155183.0,155183.0,155183.0
SE.ADT.1524.LT.ZS,Europe & Central Asia,ECS,"Youth literacy rate, population 15-24 years, both sexes (%)",99.7114486694336,99.7114486694336,99.7114486694336,99.7114486694336,99.7114486694336,99.7114486694336,99.7114486694336,99.7114486694336,99.7114486694336
SE.ADT.1524.LT.FE.ZS,Europe & Central Asia,ECS,"Youth literacy rate, population 15-24 years, female (%)",99.6778335571289,99.6778335571289,99.6778335571289,99.6778335571289,99.6778335571289,99.6778335571289,99.6778335571289,99.6778335571289,99.6778335571289
SE.ADT.1524.LT.FM.ZS,Europe & Central Asia,ECS,"Youth literacy rate, population 15-24 years, gender parity index (GPI)",1.0,1.0,1.0,1.0,1.0,1.0,1.0,1.0,1.0
SE.ADT.1524.LT.MA.ZS,Europe & Central Asia,ECS,"Youth literacy rate, population 15-24 years, male (%)",99.7425537109375,99.7425537109375,99.7425537109375,99.7425537109375,99.7425537109375,99.7425537109375,99.7425537109375,99.7425537109375,99.7425537109375
